Фамилия;
Алешкина;
Ануфриева;
Беляева;
Бровкина;
Великая;
Величков;
Воробьева;
Гасова;
Генералова;
Гулова;
Гусева;
Гущина;
Девяткова;
Димитрюк;
Дикарева;
Евлоева;
Ермак;
Зинчева;
Ивановская;
Калинина;
Коптева;
Костина;
Кочеткова;
Матвеева;
Липатова;
Малкова;
Мацнев;
Морозов;
Николюк;
Огородникова;
Парахина;
Пилютина;
Питайчук;
Рабинович;
Рошак;
Рыжик;
Смелякова;
Стельмашенко;
Твердохлебова;
Терентьева;
Ткаченко;
Трусова;
Фирсова Ирина Александровна;
Ханукаева;
Черватюк;
Шейко;
Шереметова;
Шульженко;
Якутина;
Маслова Надежда;
Авраменко;
Адельшина;
Аксенова;
Акутина;
Бабикова;
Бабышева;
Платонова;
Беляева Вера Евгеньевна;
Борчаева;
Бутоменко;
Воробьева Виктория Сергеевна;
Гаврильчук;
Галимова;
Илакина;
Кацман;
Кремчеева;
Лаврова;
Мартынова;
Ниткина;
Овсянникова Вика Витальевна;
Орлова;
Охременко;
Резникова;
Садовник;
Сепету;
Соом;
Таспаева;
Филатова;
Хаки;
Харитонова;
Шаина;
Шипицина Вера Васильевна;
Шишкина;
Демешко Ольга Сергеевна;
